id,first_name,last_name,email,gender,ip_address
1,Jeri,Tee,jtee0@merriam-webster.com,Female,234.52.166.239
2,Daphne,Thacke,dthacke1@pbs.org,Female,154.71.86.198
3,Upton,Parres,uparres2@wordpress.com,Male,247.148.73.127
4,Jody,Eddisford,jeddisford3@marketwatch.com,Male,139.237.165.207
5,Hyacinth,Aarons,haarons4@nifty.com,Female,166.98.107.9
6,Alwyn,Swendell,aswendell5@house.gov,Male,159.170.57.205
7,Emalia,Ashelford,eashelford6@time.com,Female,159.19.118.56
8,Timofei,Kuller,tkuller7@tinypic.com,Male,32.4.161.197
9,Philippe,Scandrett,pscandrett8@hugedomains.com,Female,29.240.78.198
10,Katinka,Salmon,ksalmon9@tripod.com,Female,178.77.29.239
11,Barthel,Krystek,bkrysteka@freewebs.com,Male,250.192.107.189
12,Kelila,Cornehl,kcornehlb@weibo.com,Female,36.84.19.137
13,Shelby,Kestian,skestianc@tripadvisor.com,Female,137.245.210.32
14,Aharon,L'Episcopio,alepiscopiod@chronoengine.com,Male,37.67.69.36
15,Haily,Claiden,hclaidene@cnn.com,Male,210.147.107.49
16,Paxton,Brady,pbradyf@marketwatch.com,Male,45.145.232.85
17,Sylas,Jaquemar,sjaquemarg@t-online.de,Male,20.1.211.140
18,Huntlee,Bambury,hbamburyh@tiny.cc,Male,242.118.85.187
19,Martynne,Hancill,mhancilli@drupal.org,Female,163.250.193.175
20,Kelsey,Dilks,kdilksj@china.com.cn,Female,204.47.183.82
21,Darice,O'Gavin,dogavink@umich.edu,Female,204.121.109.167
22,Quintina,Rosa,qrosal@ustream.tv,Female,57.210.210.176
23,Cozmo,Tite,ctitem@trellian.com,Male,99.130.182.195
24,Brad,Setch,bsetchn@theguardian.com,Male,243.240.225.9
25,Bidget,Hovey,bhoveyo@odnoklassniki.ru,Female,29.159.57.63
26,Terra,Knell,tknellp@theguardian.com,Female,96.215.139.84
27,Theobald,Murrock,tmurrockq@ft.com,Male,114.150.127.183
28,Shae,Kingswold,skingswoldr@pagesperso-orange.fr,Female,158.212.105.110
29,Elene,Wakley,ewakleys@mtv.com,Female,177.71.54.126
30,Donnie,Tyler,dtylert@businessinsider.com,Female,79.113.42.143
31,Jodi,Archdeacon,jarchdeaconu@unblog.fr,Female,237.216.150.152
32,Skylar,Flannery,sflanneryv@examiner.com,Male,50.220.196.9
33,Udell,Cuardall,ucuardallw@mysql.com,Male,251.97.164.206
34,Maure,Rosendahl,mrosendahlx@pagesperso-orange.fr,Female,54.146.182.22
35,Spence,Clynman,sclynmany@wiley.com,Male,35.105.2.51
36,Jeanette,Manolov,jmanolovz@google.it,Female,102.253.113.220
37,Jill,Wey,jwey10@indiatimes.com,Female,117.14.217.199
38,Antonio,Izhak,aizhak11@ucoz.ru,Male,172.88.45.79
39,Margie,Danbury,mdanbury12@com.com,Female,6.127.168.122
40,Zoe,Doonican,zdoonican13@economist.com,Female,27.123.97.195
41,Giorgio,Kinch,gkinch14@discovery.com,Male,247.100.154.95
42,Jameson,Antley,jantley15@lulu.com,Male,237.236.79.29
43,Minni,Medeway,mmedeway16@1688.com,Female,165.60.118.249
44,Noemi,Arthars,narthars17@dell.com,Female,7.234.36.174
45,Laird,Ramstead,lramstead18@sina.com.cn,Male,168.103.236.82
46,Akim,Sign,asign19@printfriendly.com,Male,241.248.56.250
47,Emilee,Tidy,etidy1a@ibm.com,Female,69.61.154.116
48,Sidonia,Ryce,sryce1b@cyberchimps.com,Female,231.50.201.187
49,Shaughn,Pettipher,spettipher1c@wunderground.com,Male,96.104.104.104
50,Rudy,Jochen,rjochen1d@163.com,Male,244.94.7.58
51,Daryl,Hartmann,dhartmann1e@theatlantic.com,Male,197.234.5.255
52,Zena,Gotmann,zgotmann1f@dedecms.com,Female,93.131.157.109
53,Algernon,Ketteridge,aketteridge1g@va.gov,Male,223.133.144.20
54,Tyson,McLay,tmclay1h@businesswire.com,Male,119.204.7.157
55,Donovan,MacCrachen,dmaccrachen1i@tiny.cc,Male,135.140.23.76
56,Jenni,Huggens,jhuggens1j@shinystat.com,Female,145.210.202.41
57,Christoph,Abyss,cabyss1k@wiley.com,Male,19.52.48.192
58,Yvon,Cleugher,ycleugher1l@pinterest.com,Male,129.213.40.96
59,Siusan,Feyer,sfeyer1m@theguardian.com,Female,249.85.224.126
60,Adele,Lucken,alucken1n@vistaprint.com,Female,55.207.135.59
61,Lisha,Priestner,lpriestner1o@plala.or.jp,Female,191.89.57.22
62,Viviana,Peterkin,vpeterkin1p@sitemeter.com,Female,96.58.247.116
63,Blanca,MacGill,bmacgill1q@drupal.org,Female,39.150.215.139
64,Roselle,Shoebrook,rshoebrook1r@earthlink.net,Female,68.194.7.99
65,Cherianne,Lilywhite,clilywhite1s@va.gov,Female,90.99.30.11
66,Vida,Culbard,vculbard1t@ehow.com,Female,23.250.110.237
67,Fletch,Merryman,fmerryman1u@utexas.edu,Male,89.164.160.13
68,Melonie,Dunsford,mdunsford1v@engadget.com,Female,87.41.133.204
69,Charmain,Ropkins,cropkins1w@photobucket.com,Female,21.29.220.224
70,Starla,Crosier,scrosier1x@mashable.com,Female,44.26.69.52
71,Ardyth,Ravelus,aravelus1y@prlog.org,Female,79.17.236.144
72,Cal,Baldock,cbaldock1z@nasa.gov,Female,181.169.26.165
73,Adelaide,Menci,amenci20@pinterest.com,Female,55.219.43.203
74,Leo,Mowlam,lmowlam21@geocities.com,Male,32.124.136.210
75,Neila,Oxenden,noxenden22@theglobeandmail.com,Female,71.70.8.217
76,Arther,Bartoloma,abartoloma23@so-net.ne.jp,Male,133.83.31.255
77,Jarib,Pendleton,jpendleton24@so-net.ne.jp,Male,41.7.232.105
78,Samara,Boughtwood,sboughtwood25@bravesites.com,Female,30.126.198.247
79,Raeann,Lipscomb,rlipscomb26@bloglovin.com,Female,132.17.132.105
80,Hamnet,Tordiffe,htordiffe27@indiatimes.com,Male,136.68.74.114
81,Ezri,Escudier,eescudier28@clickbank.net,Male,187.121.252.0
82,Jere,Paulon,jpaulon29@archive.org,Male,236.17.186.73
83,Farlee,Grinter,fgrinter2a@epa.gov,Male,6.48.145.205
84,Rolph,Spanton,rspanton2b@irs.gov,Male,254.122.120.183
85,Gabe,Redgrove,gredgrove2c@free.fr,Male,173.31.253.27
86,Mauricio,Garlicke,mgarlicke2d@washingtonpost.com,Male,39.220.154.0
87,Pearce,Lukash,plukash2e@cloudflare.com,Male,178.160.48.121
88,Claudell,Swannie,cswannie2f@umn.edu,Male,137.70.136.49
89,Stan,Champe,schampe2g@paginegialle.it,Male,100.95.85.218
90,Marcello,Rickert,mrickert2h@wikipedia.org,Male,67.148.145.189
91,Ham,Rawstorn,hrawstorn2i@yellowpages.com,Male,81.225.32.233
92,Beaufort,Kienlein,bkienlein2j@i2i.jp,Male,89.6.231.64
93,Bree,Gourlay,bgourlay2k@ebay.co.uk,Female,164.49.107.132
94,Seward,Deeble,sdeeble2l@spiegel.de,Male,174.246.137.70
95,Florette,Kristof,fkristof2m@tiny.cc,Female,75.102.162.161
96,Kandace,Northern,knorthern2n@berkeley.edu,Female,46.176.192.74
97,Karisa,McCorkell,kmccorkell2o@ebay.co.uk,Female,234.44.4.148
98,Stefano,Blesli,sblesli2p@topsy.com,Male,223.90.34.25
99,Loren,Sawter,lsawter2q@ezinearticles.com,Male,15.228.245.187
100,Johnny,Castanos,jcastanos2r@opera.com,Male,162.192.58.250
101,Hanni,Wakely,hwakely2s@rakuten.co.jp,Female,227.160.212.113
102,Iorgos,Carless,icarless2t@pbs.org,Male,167.207.215.211
103,Arturo,Viveash,aviveash2u@edublogs.org,Male,179.201.249.16
104,Maximo,Yanshinov,myanshinov2v@vkontakte.ru,Male,209.40.155.210
105,Ramsey,Incogna,rincogna2w@state.tx.us,Male,250.254.79.131
106,Nikolia,Valenta,nvalenta2x@prnewswire.com,Female,11.223.142.162
107,Agata,Esp,aesp2y@tinypic.com,Female,111.57.188.200
108,Tynan,Chalcroft,tchalcroft2z@geocities.jp,Male,49.139.56.40
109,Heloise,Bottomore,hbottomore30@alibaba.com,Female,17.34.2.209
110,Becka,Simo,bsimo31@constantcontact.com,Female,7.28.15.141
111,Neal,Linsay,nlinsay32@mtv.com,Male,150.24.220.197
112,Nester,MacLeod,nmacleod33@blogtalkradio.com,Male,193.193.78.59
113,Wandis,Epine,wepine34@yolasite.com,Female,157.17.31.190
114,Larry,Maharry,lmaharry35@spotify.com,Male,70.28.37.224
115,Mariska,Plumm,mplumm36@huffingtonpost.com,Female,206.66.97.182
116,Emelita,Packe,epacke37@elpais.com,Female,250.38.177.42
117,Veda,Ortiger,vortiger38@admin.ch,Female,44.72.1.16
118,Margery,Grieveson,mgrieveson39@bizjournals.com,Female,140.122.185.66
119,Brant,Joseph,bjoseph3a@xrea.com,Male,232.73.211.8
120,Harley,Ryce,hryce3b@opensource.org,Female,27.145.110.138
121,Hadleigh,McQuilkin,hmcquilkin3c@miitbeian.gov.cn,Male,27.86.61.125
122,Alain,Ludman,aludman3d@abc.net.au,Male,117.107.185.211
123,Lari,Braine,lbraine3e@bizjournals.com,Female,109.71.8.52
124,Idelle,Massei,imassei3f@artisteer.com,Female,253.11.240.218
125,Evangelia,Fluck,efluck3g@amazon.co.uk,Female,242.2.138.183
126,Kerby,Berlin,kberlin3h@wufoo.com,Male,239.55.65.10
127,Koenraad,Chicchetto,kchicchetto3i@army.mil,Male,30.24.66.204
128,Allison,Shoulders,ashoulders3j@dell.com,Female,14.78.212.195
129,Pippa,Southerton,psoutherton3k@paypal.com,Female,59.146.7.0
130,Ferne,Eisenberg,feisenberg3l@ftc.gov,Female,118.72.168.122
131,Carolan,Lettsom,clettsom3m@dion.ne.jp,Female,49.170.219.98
132,Alaine,Acum,aacum3n@ameblo.jp,Female,79.227.181.159
133,Clarinda,Selbie,cselbie3o@imgur.com,Female,31.71.125.29
134,Shell,Yerrell,syerrell3p@mtv.com,Female,121.242.215.249
135,Wald,Achurch,wachurch3q@census.gov,Male,81.189.220.246
136,Peyton,Spurett,pspurett3r@nytimes.com,Male,186.104.188.217
137,Charlotte,Tollerton,ctollerton3s@hubpages.com,Female,219.245.52.89
138,Iain,Beccero,ibeccero3t@toplist.cz,Male,81.57.54.193
139,Chester,Bickerdyke,cbickerdyke3u@pagesperso-orange.fr,Male,138.111.11.236
140,Cristy,Bakewell,cbakewell3v@acquirethisname.com,Female,247.154.186.239
141,Trudy,Rowsell,trowsell3w@nbcnews.com,Female,212.211.67.221
142,Linette,Bech,lbech3x@sakura.ne.jp,Female,181.69.175.117
143,Jewel,Maden,jmaden3y@mapy.cz,Female,249.94.187.75
144,Cobb,Geikie,cgeikie3z@163.com,Male,240.8.136.110
145,Alisander,Kempton,akempton40@domainmarket.com,Male,113.1.249.134
146,Mel,Tulloch,mtulloch41@tinypic.com,Male,248.164.163.80
147,Godard,Washtell,gwashtell42@europa.eu,Male,19.79.16.3
148,Doyle,Whoston,dwhoston43@theguardian.com,Male,225.220.86.165
149,Doretta,Easom,deasom44@reddit.com,Female,72.190.61.133
150,Amandie,Inglese,ainglese45@cargocollective.com,Female,163.250.124.218
151,Berny,Lockery,blockery46@sfgate.com,Male,25.32.9.241
152,Marjory,Wattinham,mwattinham47@shop-pro.jp,Female,72.136.193.57
153,Danell,Dring,ddring48@w3.org,Female,139.215.40.170
154,Cassi,Lenihan,clenihan49@mac.com,Female,132.53.93.42
155,Jaime,Gardener,jgardener4a@indiatimes.com,Female,158.7.202.188
156,Julee,Guinane,jguinane4b@1und1.de,Female,220.249.191.121
157,Joelynn,Vynoll,jvynoll4c@woothemes.com,Female,112.140.55.69
158,Viviyan,Kliement,vkliement4d@huffingtonpost.com,Female,148.20.78.158
159,Lexy,Cullagh,lcullagh4e@hibu.com,Female,51.106.4.223
160,Farrand,Verbeke,fverbeke4f@squidoo.com,Female,87.15.41.90
161,Zarla,Ivashnikov,zivashnikov4g@abc.net.au,Female,68.245.31.133
162,Antonina,Pumfrey,apumfrey4h@slashdot.org,Female,35.29.134.145
163,Dorothee,Tingley,dtingley4i@twitpic.com,Female,20.112.147.102
164,Vanda,Cauley,vcauley4j@abc.net.au,Female,147.153.113.37
165,Wadsworth,Antonomolii,wantonomolii4k@woothemes.com,Male,52.69.247.223
166,Hyacintha,Pinnegar,hpinnegar4l@earthlink.net,Female,64.0.196.160
167,Caspar,Stanbro,cstanbro4m@spiegel.de,Male,97.251.128.238
168,Alena,Bursell,abursell4n@cocolog-nifty.com,Female,236.172.16.131
169,Marten,Beaten,mbeaten4o@blog.com,Male,18.0.186.129
170,Kalie,Romeo,kromeo4p@cdc.gov,Female,221.73.73.22
171,Hanna,Sievewright,hsievewright4q@yellowbook.com,Female,68.194.9.185
172,Ray,Robben,rrobben4r@abc.net.au,Male,140.104.44.253
173,Sebastiano,Netting,snetting4s@soup.io,Male,32.72.109.158
174,Simon,Jodlowski,sjodlowski4t@chron.com,Male,219.165.218.107
175,Brandais,Brumen,bbrumen4u@ihg.com,Female,37.255.228.157
176,Alvy,Cawson,acawson4v@china.com.cn,Male,122.186.231.200
177,Sadella,Crunkhorn,scrunkhorn4w@hubpages.com,Female,45.22.63.186
178,Kale,Parradye,kparradye4x@latimes.com,Male,71.167.71.40
179,Eugenia,Hayth,ehayth4y@netlog.com,Female,66.190.90.9
180,Briant,Dennett,bdennett4z@imageshack.us,Male,148.8.200.83
181,Howard,Dewan,hdewan50@gnu.org,Male,59.22.196.113
182,Mychal,Bard,mbard51@dailymotion.com,Male,38.86.246.192
183,Shela,Edel,sedel52@yahoo.com,Female,114.89.110.189
184,Lark,Holston,lholston53@engadget.com,Female,44.38.224.219
185,Rorke,Pimer,rpimer54@sciencedirect.com,Male,66.163.36.235
186,Nicolea,Searjeant,nsearjeant55@epa.gov,Female,217.188.98.9
187,Chrystel,Abrahamsen,cabrahamsen56@shareasale.com,Female,97.5.255.151
188,Jere,Suttling,jsuttling57@oaic.gov.au,Female,96.244.137.80
189,Killy,Tonge,ktonge58@imgur.com,Male,116.162.16.28
190,Andeee,Mulcahy,amulcahy59@altervista.org,Female,81.36.224.128
191,Munroe,Sotham,msotham5a@yahoo.com,Male,48.189.21.190
192,Mayer,Peppard,mpeppard5b@com.com,Male,15.225.85.42
193,Dar,Rechert,drechert5c@goo.ne.jp,Male,254.34.226.137
194,Gretna,Strippel,gstrippel5d@tripadvisor.com,Female,87.138.84.113
195,Minny,Barnham,mbarnham5e@networkadvertising.org,Female,214.182.141.175
196,Ninnette,Neubigging,nneubigging5f@netscape.com,Female,222.90.23.136
197,Lorne,Giraudeau,lgiraudeau5g@epa.gov,Male,220.245.225.126
198,Abdul,Matterson,amatterson5h@google.es,Male,79.140.1.160
199,Christabel,Skepper,cskepper5i@arstechnica.com,Female,179.235.168.166
200,Jerome,Clementucci,jclementucci5j@examiner.com,Male,161.86.206.249
201,Isidro,Causier,icausier5k@e-recht24.de,Male,152.232.86.244
202,Corly,Lovell,clovell5l@bloglines.com,Female,103.245.38.218
203,Caitlin,Camp,ccamp5m@issuu.com,Female,121.184.156.94
204,Feodor,Fain,ffain5n@bbb.org,Male,173.61.196.183
205,Ham,Ughetti,hughetti5o@kickstarter.com,Male,176.214.161.249
206,Barnie,Giabuzzi,bgiabuzzi5p@yellowpages.com,Male,72.135.162.32
207,Van,Asken,vasken5q@woothemes.com,Male,215.22.142.127
208,Nataniel,Garraway,ngarraway5r@list-manage.com,Male,249.67.150.180
209,Husain,Durban,hdurban5s@earthlink.net,Male,180.39.140.254
210,Quincey,McReidy,qmcreidy5t@com.com,Male,46.69.75.144
211,Jeramey,Kryszka,jkryszka5u@homestead.com,Male,26.5.97.92
212,Rip,Saiger,rsaiger5v@dyndns.org,Male,102.58.26.113
213,Hansiain,Khan,hkhan5w@liveinternet.ru,Male,196.33.128.217
214,Dallas,Ashfull,dashfull5x@exblog.jp,Female,231.154.200.90
215,Eileen,Scramage,escramage5y@reverbnation.com,Female,188.167.119.145
216,Collete,Stammers,cstammers5z@independent.co.uk,Female,3.110.243.26
217,Donny,Moult,dmoult60@g.co,Male,122.215.89.56
218,Octavia,McBean,omcbean61@squarespace.com,Female,229.27.106.198
219,Desmund,Thorrington,dthorrington62@amazonaws.com,Male,185.237.48.32
220,Barron,Dourin,bdourin63@ebay.co.uk,Male,103.58.130.191
221,Berry,Martinson,bmartinson64@jalbum.net,Female,174.163.154.40
222,Meridith,Arr,marr65@hatena.ne.jp,Female,128.14.28.108
223,Carlos,Thieme,cthieme66@sina.com.cn,Male,81.120.255.246
224,Farrel,Pinkie,fpinkie67@yahoo.com,Male,79.40.83.193
225,Maddie,Yaxley,myaxley68@hp.com,Male,148.60.68.229
226,My,Robley,mrobley69@addthis.com,Male,255.137.123.41
227,King,Gudgeon,kgudgeon6a@g.co,Male,134.49.34.210
228,Nydia,Linn,nlinn6b@imageshack.us,Female,231.31.168.148
229,Jermain,Valenta,jvalenta6c@go.com,Male,97.126.43.154
230,Ursola,Morratt,umorratt6d@gizmodo.com,Female,102.211.210.164
231,Adelheid,Tresvina,atresvina6e@1und1.de,Female,205.79.167.213
232,Gretna,Goodale,ggoodale6f@printfriendly.com,Female,34.218.10.206
233,Junina,Howsan,jhowsan6g@google.com.au,Female,43.203.69.173
234,Mikkel,Zmitrovich,mzmitrovich6h@sina.com.cn,Male,37.33.203.211
235,Orville,Beamont,obeamont6i@nydailynews.com,Male,68.33.18.181
236,Hephzibah,Fellibrand,hfellibrand6j@webnode.com,Female,60.72.181.204
237,Giorgia,Ormond,gormond6k@dropbox.com,Female,5.37.77.154
238,Adriena,Stares,astares6l@redcross.org,Female,1.118.4.195
239,Pepi,Senten,psenten6m@instagram.com,Female,200.157.79.181
240,Florian,Le Estut,fleestut6n@vinaora.com,Male,181.18.61.36
241,Nichols,Pettendrich,npettendrich6o@constantcontact.com,Male,6.79.122.237
242,Ernaline,Dyment,edyment6p@photobucket.com,Female,82.26.203.1
243,Elmer,Leas,eleas6q@domainmarket.com,Male,17.55.120.157
244,Barrie,Pawlaczyk,bpawlaczyk6r@reuters.com,Female,107.234.74.142
245,Aloysius,William,awilliam6s@alibaba.com,Male,56.29.168.66
246,Silvie,Coule,scoule6t@cnbc.com,Female,238.103.51.13
247,Bernardine,Hickisson,bhickisson6u@slashdot.org,Female,42.133.105.76
248,Adolpho,Macrae,amacrae6v@soundcloud.com,Male,80.188.14.73
249,Jolynn,Clement,jclement6w@rediff.com,Female,17.253.11.75
250,Dorri,Petrishchev,dpetrishchev6x@infoseek.co.jp,Female,60.217.116.167
251,Leann,Posselow,lposselow6y@twitpic.com,Female,212.99.235.116
252,Natasha,O'Hingerty,nohingerty6z@timesonline.co.uk,Female,48.206.239.113
253,Denise,Reason,dreason70@cargocollective.com,Female,254.165.241.206
254,Barri,Durden,bdurden71@marketwatch.com,Male,89.18.182.111
255,Kile,Brooke,kbrooke72@ow.ly,Male,44.42.90.48
256,Amitie,Goudard,agoudard73@macromedia.com,Female,100.235.188.65
257,Warden,Penk,wpenk74@mac.com,Male,19.52.146.70
258,Ruperta,Goymer,rgoymer75@dyndns.org,Female,215.212.110.40
259,Giffard,Senior,gsenior76@cnet.com,Male,84.212.138.70
260,Nahum,Martensen,nmartensen77@squidoo.com,Male,15.125.114.131
261,Lief,Gothliff,lgothliff78@exblog.jp,Male,64.100.214.153
262,Aylmer,Mackerness,amackerness79@youku.com,Male,189.212.203.240
263,Jessey,Redon,jredon7a@amazon.com,Male,145.6.153.95
264,Allister,Postians,apostians7b@constantcontact.com,Male,32.150.215.145
265,Pamella,Fulloway,pfulloway7c@rakuten.co.jp,Female,53.159.5.201
266,Tabby,Holgan,tholgan7d@scientificamerican.com,Male,14.36.138.99
267,Darcey,Bottomore,dbottomore7e@mac.com,Female,209.236.122.85
268,Ole,Dignon,odignon7f@geocities.jp,Male,102.68.102.1
269,Yorker,Mundall,ymundall7g@nytimes.com,Male,29.244.52.195
270,Onfroi,Korneichik,okorneichik7h@ning.com,Male,152.217.230.232
271,Fidole,Rewcastle,frewcastle7i@facebook.com,Male,97.183.66.81
272,Bruno,Durn,bdurn7j@vk.com,Male,189.38.17.59
273,Estele,Garret,egarret7k@liveinternet.ru,Female,235.56.160.167
274,Esme,Warder,ewarder7l@skyrock.com,Female,53.108.210.48
275,Fulton,Metterick,fmetterick7m@dailymotion.com,Male,148.115.169.221
276,Caitrin,Eadington,ceadington7n@imdb.com,Female,89.115.105.13
277,Lucho,Hanster,lhanster7o@cargocollective.com,Male,31.151.189.32
278,Nyssa,Gonzales,ngonzales7p@dedecms.com,Female,244.181.51.222
279,Donelle,Bidewel,dbidewel7q@youtube.com,Female,133.97.97.203
280,Lilla,Fenkel,lfenkel7r@com.com,Female,156.69.181.145
281,Hunter,McAuslan,hmcauslan7s@canalblog.com,Male,140.106.77.103
282,Margeaux,Wurst,mwurst7t@mapy.cz,Female,91.81.131.222
283,Osmond,Maybey,omaybey7u@nba.com,Male,208.122.48.221
284,Antonius,Lavalde,alavalde7v@goo.ne.jp,Male,98.64.43.175
285,Stevena,Currer,scurrer7w@blogspot.com,Female,179.221.155.24
286,Curcio,De Ferrari,cdeferrari7x@epa.gov,Male,14.40.78.167
287,Bonnie,Giroldo,bgiroldo7y@nba.com,Female,123.237.19.234
288,Bernie,Palin,bpalin7z@sohu.com,Male,78.162.152.135
289,Bari,Austwick,baustwick80@rambler.ru,Female,33.159.74.45
290,Bobinette,Rikel,brikel81@zdnet.com,Female,166.2.19.42
291,Gaston,Navan,gnavan82@symantec.com,Male,246.131.54.196
292,Laney,Clines,lclines83@admin.ch,Female,200.84.58.243
293,Norrie,Itscowics,nitscowics84@seattletimes.com,Female,13.4.201.83
294,Nobie,Coots,ncoots85@unesco.org,Male,96.128.113.247
295,Letitia,Maiden,lmaiden86@reuters.com,Female,253.19.219.215
296,Derick,Blenkensop,dblenkensop87@lulu.com,Male,96.14.218.222
297,Kimball,Crozier,kcrozier88@un.org,Male,130.41.107.91
298,Claudio,Shillingford,cshillingford89@hubpages.com,Male,143.11.136.128
299,Leanna,Brager,lbrager8a@icq.com,Female,22.120.160.173
300,Briny,Hans,bhans8b@e-recht24.de,Female,118.16.75.210
301,Catharina,Daventry,cdaventry8c@jigsy.com,Female,8.173.199.87
302,Duane,Hobble,dhobble8d@moonfruit.com,Male,214.240.194.195
303,Benjamin,MacCurley,bmaccurley8e@google.com.hk,Male,96.1.243.177
304,Sharyl,Joselovitch,sjoselovitch8f@odnoklassniki.ru,Female,250.39.54.7
305,Brendin,Worboys,bworboys8g@unicef.org,Male,224.54.53.122
306,Urbano,Tickle,utickle8h@example.com,Male,224.148.132.131
307,Jerrie,Barrick,jbarrick8i@elpais.com,Male,146.81.52.44
308,Kiley,Orford,korford8j@is.gd,Male,28.202.100.227
309,Chaim,Petchey,cpetchey8k@usda.gov,Male,140.102.50.69
310,Corilla,Plevin,cplevin8l@google.pl,Female,95.179.32.212
311,Danit,Purrier,dpurrier8m@cam.ac.uk,Female,109.242.50.106
312,Lewes,Bartel,lbartel8n@apache.org,Male,124.105.213.162
313,Leisha,Matusson,lmatusson8o@sciencedirect.com,Female,213.123.72.81
314,Rex,De Luna,rdeluna8p@cocolog-nifty.com,Male,184.197.8.202
315,Jennilee,McGiveen,jmcgiveen8q@mayoclinic.com,Female,100.67.106.18
316,Elnar,Beloe,ebeloe8r@ifeng.com,Male,49.67.160.48
317,Nobe,Grote,ngrote8s@exblog.jp,Male,167.206.9.234
318,Delores,Biford,dbiford8t@tinypic.com,Female,204.138.204.81
319,Thia,Inggall,tinggall8u@house.gov,Female,188.19.186.236
320,Gaspar,Hugonnet,ghugonnet8v@ebay.com,Male,44.91.151.28
321,Ransom,Martusewicz,rmartusewicz8w@photobucket.com,Male,242.194.11.154
322,Laureen,Tyce,ltyce8x@about.com,Female,60.214.154.66
323,Olva,Wedmore.,owedmore8y@de.vu,Female,11.222.145.98
324,Vachel,Pothecary,vpothecary8z@sogou.com,Male,237.151.88.41
325,Saundra,Phelit,sphelit90@amazon.co.uk,Female,251.72.213.62
326,Crystal,Coughtrey,ccoughtrey91@fastcompany.com,Female,112.183.38.149
327,Em,Pickless,epickless92@yolasite.com,Male,92.82.26.88
328,Carmella,Mengo,cmengo93@tamu.edu,Female,13.236.130.231
329,Annalee,Janczyk,ajanczyk94@liveinternet.ru,Female,109.36.153.106
330,Vivyanne,O'Hannay,vohannay95@accuweather.com,Female,241.66.133.71
331,Darbee,Eric,deric96@miitbeian.gov.cn,Male,112.178.219.88
332,Glenn,Hackelton,ghackelton97@ovh.net,Male,77.5.58.11
333,Marillin,Duchant,mduchant98@va.gov,Female,148.195.194.158
334,Vanya,Esome,vesome99@discovery.com,Male,144.134.127.66
335,Jackelyn,Nicely,jnicely9a@wikipedia.org,Female,34.0.122.169
336,Rozanne,Howlings,rhowlings9b@vimeo.com,Female,175.141.232.118
337,Reeba,Baudasso,rbaudasso9c@reverbnation.com,Female,3.121.215.247
338,Jammie,Exelby,jexelby9d@flavors.me,Female,95.245.25.203
339,Guthrey,D'Ambrogi,gdambrogi9e@histats.com,Male,12.12.157.142
340,Dedra,Sydall,dsydall9f@mlb.com,Female,33.251.167.108
341,Fraze,Gebbe,fgebbe9g@mediafire.com,Male,184.130.173.181
342,Gilly,Neligan,gneligan9h@squarespace.com,Female,152.169.177.116
343,Hyacinthia,Doumerque,hdoumerque9i@unc.edu,Female,94.201.178.117
344,Alick,Dugdale,adugdale9j@arstechnica.com,Male,68.214.2.176
345,Che,Ciotto,cciotto9k@patch.com,Male,62.61.68.241
346,Ahmad,Buller,abuller9l@ifeng.com,Male,35.175.52.70
347,Silvester,Loukes,sloukes9m@yandex.ru,Male,148.68.126.82
348,Ennis,Bedding,ebedding9n@jalbum.net,Male,104.127.50.125
349,Northrop,Jachimczak,njachimczak9o@wiley.com,Male,65.11.191.121
350,Cammie,Ruckhard,cruckhard9p@illinois.edu,Female,138.161.138.141
351,Carmita,Greir,cgreir9q@stumbleupon.com,Female,125.105.91.239
352,Hilario,Salmons,hsalmons9r@apache.org,Male,155.200.63.66
353,Farlie,Leddie,fleddie9s@elpais.com,Male,66.255.182.151
354,York,Sallnow,ysallnow9t@freewebs.com,Male,104.33.238.32
355,Shea,Kennicott,skennicott9u@histats.com,Male,252.159.166.219
356,Benito,Campbell,bcampbell9v@qq.com,Male,255.93.16.155
357,Augusta,Cottill,acottill9w@hp.com,Female,123.125.168.252
358,Dimitri,Martinovsky,dmartinovsky9x@home.pl,Male,217.98.182.175
359,Grange,MacGown,gmacgown9y@sciencedaily.com,Male,167.252.94.244
360,Isis,Greedy,igreedy9z@booking.com,Female,181.110.17.47
361,Prisca,Acott,pacotta0@stanford.edu,Female,13.163.143.159
362,Yorker,Cersey,ycerseya1@blogspot.com,Male,186.146.185.73
363,Dmitri,Christy,dchristya2@livejournal.com,Male,4.242.204.244
364,Kerianne,Doram,kdorama3@wikimedia.org,Female,248.124.247.237
365,Rolph,Pasquale,rpasqualea4@aboutads.info,Male,13.218.31.167
366,Cara,Cuss,ccussa5@oaic.gov.au,Female,238.224.201.162
367,Moishe,Syder,msydera6@geocities.com,Male,175.218.32.122
368,Livvyy,Yushmanov,lyushmanova7@mail.ru,Female,3.229.219.30
369,Jillene,Streatfield,jstreatfielda8@ow.ly,Female,206.139.197.142
370,Samuele,Croutear,scrouteara9@lycos.com,Male,77.41.82.156
371,Helyn,Bartoszewicz,hbartoszewiczaa@infoseek.co.jp,Female,2.116.172.191
372,Donnie,Mardle,dmardleab@google.com.br,Male,62.189.28.31
373,Udall,Doohey,udooheyac@symantec.com,Male,242.38.77.27
374,Davita,Whetland,dwhetlandad@bravesites.com,Female,7.189.139.96
375,Bank,Reinmar,breinmarae@amazon.co.jp,Male,255.18.227.56
376,Clevie,Thurnham,cthurnhamaf@ocn.ne.jp,Male,34.23.157.92
377,Madelene,Cromer,mcromerag@hostgator.com,Female,66.119.113.36
378,Virgie,Kedie,vkedieah@amazon.de,Male,115.246.118.195
379,Krispin,Schwandermann,kschwandermannai@furl.net,Male,140.197.143.196
380,Fidela,Tinline,ftinlineaj@geocities.jp,Female,205.76.171.91
381,Ric,Mattityahou,rmattityahouak@army.mil,Male,253.79.156.101
382,Olav,Grebner,ogrebneral@bloglines.com,Male,193.31.220.65
383,Graham,Kiffin,gkiffinam@qq.com,Male,105.153.215.58
384,King,Telford,ktelfordan@joomla.org,Male,221.126.57.246
385,Xaviera,Swinerd,xswinerdao@auda.org.au,Female,136.20.196.218
386,Sander,Raith,sraithap@vinaora.com,Male,0.151.12.37
387,Felizio,Montier,fmontieraq@edublogs.org,Male,81.174.252.52
388,Michal,Philipson,mphilipsonar@nhs.uk,Male,203.25.229.41
389,Kippie,Weatherell,kweatherellas@is.gd,Female,205.212.0.121
390,Arlen,Torritti,atorrittiat@altervista.org,Male,144.242.50.43
391,Chrissie,Murch,cmurchau@pbs.org,Male,226.146.100.70
392,Lev,Deane,ldeaneav@soup.io,Male,71.29.185.186
393,Colver,Gillon,cgillonaw@hc360.com,Male,218.189.87.111
394,Tad,Corbishley,tcorbishleyax@sciencedaily.com,Male,206.174.180.62
395,Rafaelita,Yewdale,ryewdaleay@reference.com,Female,69.216.9.253
396,Taffy,Sherar,tsheraraz@cocolog-nifty.com,Female,158.149.70.244
397,Darleen,Liepmann,dliepmannb0@gizmodo.com,Female,235.148.25.236
398,Ban,Morrice,bmorriceb1@google.cn,Male,9.193.43.132
399,Pattin,Riglar,priglarb2@rediff.com,Male,191.232.73.97
400,Basil,Snyder,bsnyderb3@de.vu,Male,83.45.132.38
401,Florencia,Degan,fdeganb4@opensource.org,Female,58.27.33.148
402,Gina,Wigfall,gwigfallb5@topsy.com,Female,90.14.92.147
403,Mervin,Swyndley,mswyndleyb6@cisco.com,Male,13.109.248.213
404,Kaitlyn,Frankiewicz,kfrankiewiczb7@people.com.cn,Female,33.214.123.94
405,Taryn,Pighills,tpighillsb8@macromedia.com,Female,111.109.148.189
406,Luisa,Perritt,lperrittb9@seattletimes.com,Female,239.10.85.250
407,Antonino,Chidwick,achidwickba@symantec.com,Male,111.79.247.61
408,Vicki,Cawdron,vcawdronbb@usnews.com,Female,22.232.121.68
409,Hilario,Rumble,hrumblebc@diigo.com,Male,166.47.2.138
410,Jefferey,Brockie,jbrockiebd@networkadvertising.org,Male,53.250.163.236
411,Willy,Cramer,wcramerbe@prweb.com,Female,214.226.243.240
412,Gun,Markwick,gmarkwickbf@china.com.cn,Male,131.113.120.53
413,Ethelda,Smoote,esmootebg@ucoz.ru,Female,207.103.227.199
414,Reinald,Humpage,rhumpagebh@google.pl,Male,155.245.11.84
415,Quint,Kynnd,qkynndbi@springer.com,Male,58.15.48.167
416,Inigo,Durkin,idurkinbj@sciencedaily.com,Male,42.90.216.184
417,Wain,Ditt,wdittbk@ucsd.edu,Male,146.172.186.70
418,Zita,Salvadori,zsalvadoribl@posterous.com,Female,191.26.120.139
419,Melany,Breslin,mbreslinbm@hostgator.com,Female,132.49.190.162
420,Flemming,Featherston,ffeatherstonbn@washingtonpost.com,Male,63.107.244.180
421,Billie,Rawlyns,brawlynsbo@mapy.cz,Female,126.248.64.134
422,Merwin,Stainer,mstainerbp@yolasite.com,Male,235.33.105.168
423,Pooh,Landrean,plandreanbq@free.fr,Male,104.195.228.165
424,Frasco,Lagne,flagnebr@icq.com,Male,252.52.166.91
425,Conn,Beetles,cbeetlesbs@cloudflare.com,Male,130.254.128.223
426,Lilly,Chatel,lchatelbt@arstechnica.com,Female,154.230.85.57
427,Michel,Vass,mvassbu@pen.io,Male,196.174.236.54
428,Euell,Traut,etrautbv@dot.gov,Male,51.198.109.47
429,Lou,Wittrington,lwittringtonbw@cafepress.com,Female,103.211.170.188
430,Alberto,Fripp,afrippbx@51.la,Male,251.123.173.224
